d79;ccccccccccccccc;ccccccccccccccc;15.02.2023 11:36:29
1e0;vvvvvvvvvvvvv;vvvvvvvvvvvvv;15.02.2023 12:21:24
b96;gggggggggggg;ggggggggggg;15.02.2023 12:25:45
d79;ccccccccccccccc;ccccccccccccccc;15.02.2023 11:36:29
1e0;vvvvvvvvvvvvv;vvvvvvvvvvvvv;15.02.2023 12:21:24
b96;gggggggggggg;ggggggggggg;15.02.2023 12:25:45
4a3;;;09.06.2023 22:31:54
d79;ccccccccccccccc;ccccccccccccccc;15.02.2023 11:36:29
1e0;vvvvvvvvvvvvv;vvvvvvvvvvvvv;15.02.2023 12:21:24
b96;gggggggggggg;ggggggggggg;15.02.2023 12:25:45
d79;ccccccccccccccc;ccccccccccccccc;15.02.2023 11:36:29
1e0;vvvvvvvvvvvvv;vvvvvvvvvvvvv;15.02.2023 12:21:24
b96;gggggggggggg;ggggggggggg;15.02.2023 12:25:45
4a3;;;09.06.2023 22:31:54
79d;test;test_note;09.06.2023 22:31:54
